submission_id,company,role,level,location,job_family_slug,location_slug,years_of_experience,years_at_company,base_salary,bonus,stock,total_compensation,currency,offer_date,work_arrangement,focus_tag,issues,status
1,ServiceNow,Software Engineer,IC1,Pune,software-engineer,pune-ind,1,0,19000,3500,5000,27600,USD,20/05/2026,hybrid,Software Engineer,None,PASS
2,Google,Software Engineer,L3,Bangalore,software-engineer,bangalore-ind,2,1,25000,4000,8000,37000,USD,18/05/2026,onsite,Software Engineer,None,PASS
3,Microsoft,Software Engineer,IC2,Bangalore,software-engineer,bangalore-ind,2,1,21000,4000,6000,31000,USD,20/05/2026,hybrid,Software Engineer,None,PASS
4,Amazon,Software Engineer,IC1,Hyderabad,software-engineer,hyderabad-ind,1,0,18000,3000,4000,25000,USD,18/05/2026,remote,Software Engineer,None,PASS
5,Adobe,Software Engineer,IC2,Noida,software-engineer,noida-ind,3,1,23000,5000,7000,35000,USD,15/05/2026,onsite,Software Engineer,None,PASS
6,ServiceNow,Software Engineer,IC2,Pune,software-engineer,pune-ind,2.7,0.9,21500,4500,6000,31960,USD,20/05/2026,hybrid,Software Engineer,None,PASS
7,Google,Software Engineer,L4,Bangalore,software-engineer,bangalore-ind,3,1,21600,4700,6000,32240,USD,18/05/2026,onsite,Software Engineer,None,PASS
8,Microsoft,Software Engineer,IC2,Bangalore,software-engineer,bangalore-ind,3.3,1.1,21700,4900,6000,32520,USD,20/05/2026,hybrid,Software Engineer,None,PASS
9,Amazon,Software Engineer,IC1,Hyderabad,software-engineer,hyderabad-ind,3.6,1.2,21800,5100,6000,32800,USD,18/05/2026,remote,Software Engineer,None,PASS
10,Adobe,Software Engineer,IC2,Noida,software-engineer,noida-ind,3.9,1.3,21900,5300,6000,33080,USD,15/05/2026,onsite,Software Engineer,None,PASS
11,ServiceNow,Software Engineer,IC3,Pune,software-engineer,pune-ind,4.2,1.4,22000,5500,6000,33360,USD,20/05/2026,hybrid,Software Engineer,None,PASS
12,Google,Software Engineer,L5,Bangalore,software-engineer,bangalore-ind,4.5,1.5,22100,5700,6000,33640,USD,18/05/2026,onsite,Software Engineer,None,PASS
13,Microsoft,Software Engineer,IC2,Bangalore,software-engineer,bangalore-ind,4.8,1.6,22200,5900,6000,33920,USD,20/05/2026,hybrid,Software Engineer,None,PASS
14,Amazon,Software Engineer,IC1,Hyderabad,software-engineer,hyderabad-ind,5.1,1.7,22300,6100,6000,34200,USD,18/05/2026,remote,Software Engineer,None,PASS
15,Adobe,Software Engineer,IC2,Noida,software-engineer,noida-ind,5.4,1.8,22400,6300,6000,34480,USD,15/05/2026,onsite,Software Engineer,None,PASS
16,ServiceNow,Software Engineer,IC4,Pune,software-engineer,pune-ind,5.7,1.9,22500,6500,6000,34760,USD,20/05/2026,hybrid,Software Engineer,None,PASS
17,Google,Software Engineer,L6,Bangalore,software-engineer,bangalore-ind,6,2,22600,6700,6000,35040,USD,18/05/2026,onsite,Software Engineer,None,PASS
18,Microsoft,Software Engineer,IC2,Bangalore,software-engineer,bangalore-ind,6.3,2.1,22700,6900,6000,35320,USD,20/05/2026,hybrid,Software Engineer,None,PASS
19,Amazon,Software Engineer,IC1,Hyderabad,software-engineer,hyderabad-ind,6.6,2.2,22800,7100,6000,35600,USD,18/05/2026,remote,Software Engineer,None,PASS
20,Adobe,Software Engineer,IC2,Noida,software-engineer,noida-ind,6.9,2.3,22900,7300,6000,35880,USD,15/05/2026,onsite,Software Engineer,None,PASS
21,ServiceNow,Software Engineer,IC5,Pune,software-engineer,pune-ind,7.2,2.4,23000,7500,6000,36160,USD,20/05/2026,hybrid,Software Engineer,None,PASS
22,Google,Software Engineer,L7,Bangalore,software-engineer,bangalore-ind,7.5,2.5,23100,7700,6000,36440,USD,18/05/2026,onsite,Software Engineer,None,PASS
23,Microsoft,Software Engineer,IC2,Bangalore,software-engineer,bangalore-ind,7.8,2.6,23200,7900,6000,36720,USD,20/05/2026,hybrid,Software Engineer,None,PASS
24,Amazon,Software Engineer,IC1,Hyderabad,software-engineer,hyderabad-ind,8.1,2.7,23300,8100,6000,37000,USD,18/05/2026,remote,Software Engineer,None,PASS
25,Adobe,Software Engineer,IC2,Noida,software-engineer,noida-ind,8.4,2.8,23400,8300,6000,37280,USD,15/05/2026,onsite,Software Engineer,None,PASS
26,ServiceNow,Software Engineer,IC6,Pune,software-engineer,pune-ind,8.7,2.9,23500,8500,6000,37560,USD,20/05/2026,hybrid,Software Engineer,None,PASS
27,Google,Software Engineer,L8,Bangalore,software-engineer,bangalore-ind,9,3,23600,8700,6000,37840,USD,18/05/2026,onsite,Software Engineer,None,PASS
28,Microsoft,Software Engineer,IC2,Bangalore,software-engineer,bangalore-ind,9.3,3.1,23700,8900,6000,38120,USD,20/05/2026,hybrid,Software Engineer,None,PASS
29,Amazon,Software Engineer,IC1,Hyderabad,software-engineer,hyderabad-ind,9.6,3.2,23800,9100,6000,38400,USD,18/05/2026,remote,Software Engineer,None,PASS
30,Adobe,Software Engineer,IC2,Noida,software-engineer,noida-ind,9.9,3.3,23900,9300,6000,38680,USD,15/05/2026,onsite,Software Engineer,None,PASS
31,ServiceNow,Software Engineer,IC7,Pune,software-engineer,pune-ind,10.2,3.4,24000,9500,6000,38960,USD,20/05/2026,hybrid,Software Engineer,None,PASS
32,Google,Software Engineer,L9,Bangalore,software-engineer,bangalore-ind,10.5,3.5,24100,9700,6000,39240,USD,18/05/2026,onsite,Software Engineer,None,PASS
33,Microsoft,Software Engineer,IC2,Bangalore,software-engineer,bangalore-ind,10.8,3.6,24200,9900,6000,39520,USD,20/05/2026,hybrid,Software Engineer,None,PASS
34,Amazon,Software Engineer,IC1,Hyderabad,software-engineer,hyderabad-ind,11.1,3.7,24300,10100,6000,39800,USD,18/05/2026,remote,Software Engineer,None,PASS
35,Adobe,Software Engineer,IC2,Noida,software-engineer,noida-ind,11.4,3.8,24400,10300,6000,40080,USD,15/05/2026,onsite,Software Engineer,None,PASS
36,ServiceNow,Software Engineer,IC8,Pune,software-engineer,pune-ind,11.7,3.9,24500,10500,6000,40360,USD,20/05/2026,hybrid,Software Engineer,None,PASS
37,Google,Software Engineer,L10,Bangalore,software-engineer,bangalore-ind,12,4,24600,10700,6000,40640,USD,18/05/2026,onsite,Software Engineer,None,PASS
38,Microsoft,Software Engineer,IC2,Bangalore,software-engineer,bangalore-ind,12.3,4.1,24700,10900,6000,40920,USD,20/05/2026,hybrid,Software Engineer,None,PASS
39,Amazon,Software Engineer,IC1,Hyderabad,software-engineer,hyderabad-ind,12.6,4.2,24800,11100,6000,41200,USD,18/05/2026,remote,Software Engineer,None,PASS
40,Adobe,Software Engineer,IC2,Noida,software-engineer,noida-ind,12.9,4.3,24900,11300,6000,41480,USD,15/05/2026,onsite,Software Engineer,None,PASS
41,ServiceNow,Software Engineer,IC9,Pune,software-engineer,pune-ind,13.2,4.4,25000,11500,6000,41760,USD,20/05/2026,hybrid,Software Engineer,None,PASS
42,Google,Software Engineer,L11,Bangalore,software-engineer,bangalore-ind,13.5,4.5,25100,11700,6000,42040,USD,18/05/2026,onsite,Software Engineer,None,PASS
43,Microsoft,Software Engineer,IC2,Bangalore,software-engineer,bangalore-ind,13.8,4.6,25200,11900,6000,42320,USD,20/05/2026,hybrid,Software Engineer,None,PASS
44,Amazon,Software Engineer,IC1,Hyderabad,software-engineer,hyderabad-ind,14.1,4.7,25300,12100,6000,42600,USD,18/05/2026,remote,Software Engineer,None,PASS
45,Adobe,Software Engineer,IC2,Noida,software-engineer,noida-ind,14.4,4.8,25400,12300,6000,42880,USD,15/05/2026,onsite,Software Engineer,None,PASS
46,ServiceNow,Software Engineer,IC10,Pune,software-engineer,pune-ind,14.7,4.9,25500,12500,6000,43160,USD,20/05/2026,hybrid,Software Engineer,None,PASS
47,Google,Software Engineer,L12,Bangalore,software-engineer,bangalore-ind,15,5,25600,12700,6000,43440,USD,18/05/2026,onsite,Software Engineer,None,PASS
48,Microsoft,Software Engineer,IC2,Bangalore,software-engineer,bangalore-ind,15.3,5.1,25700,12900,6000,43720,USD,20/05/2026,hybrid,Software Engineer,None,PASS
49,Amazon,Software Engineer,IC1,Hyderabad,software-engineer,hyderabad-ind,15.6,5.2,25800,13100,6000,44000,USD,18/05/2026,remote,Software Engineer,None,PASS
50,Adobe,Software Engineer,IC2,Noida,software-engineer,noida-ind,15.9,5.3,25900,13300,6000,44280,USD,15/05/2026,onsite,Software Engineer,None,PASS
51,ServiceNow,Software Engineer,IC11,Pune,software-engineer,pune-ind,16.2,5.4,26000,13500,6000,44560,USD,20/05/2026,hybrid,Software Engineer,None,PASS
52,Google,Software Engineer,L13,Bangalore,software-engineer,bangalore-ind,16.5,5.5,26100,13700,6000,44840,USD,18/05/2026,onsite,Software Engineer,None,PASS
53,Microsoft,Software Engineer,IC2,Bangalore,software-engineer,bangalore-ind,16.8,5.6,26200,13900,6000,45120,USD,20/05/2026,hybrid,Software Engineer,None,PASS
54,Amazon,Software Engineer,IC1,Hyderabad,software-engineer,hyderabad-ind,17.1,5.7,26300,14100,6000,45400,USD,18/05/2026,remote,Software Engineer,None,PASS
55,Adobe,Software Engineer,IC2,Noida,software-engineer,noida-ind,17.4,5.8,26400,14300,6000,45680,USD,15/05/2026,onsite,Software Engineer,None,PASS
56,ServiceNow,Software Engineer,IC12,Pune,software-engineer,pune-ind,17.7,5.9,26500,14500,6000,45960,USD,20/05/2026,hybrid,Software Engineer,None,PASS
57,Google,Software Engineer,L14,Bangalore,software-engineer,bangalore-ind,18,6,26600,14700,6000,46240,USD,18/05/2026,onsite,Software Engineer,None,PASS
58,Microsoft,Software Engineer,IC2,Bangalore,software-engineer,bangalore-ind,18.3,6.1,26700,14900,6000,46520,USD,20/05/2026,hybrid,Software Engineer,None,PASS
59,Amazon,Software Engineer,IC1,Hyderabad,software-engineer,hyderabad-ind,18.6,6.2,26800,15100,6000,46800,USD,18/05/2026,remote,Software Engineer,None,PASS
60,Adobe,Software Engineer,IC2,Noida,software-engineer,noida-ind,18.9,6.3,26900,15300,6000,47080,USD,15/05/2026,onsite,Software Engineer,None,PASS
61,ServiceNow,Software Engineer,IC13,Pune,software-engineer,pune-ind,19.2,6.4,27000,15500,6000,47360,USD,20/05/2026,hybrid,Software Engineer,None,PASS
62,Google,Software Engineer,L15,Bangalore,software-engineer,bangalore-ind,19.5,6.5,27100,15700,6000,47640,USD,18/05/2026,onsite,Software Engineer,None,PASS
63,Microsoft,Software Engineer,IC2,Bangalore,software-engineer,bangalore-ind,19.8,6.6,27200,15900,6000,47920,USD,20/05/2026,hybrid,Software Engineer,None,PASS
64,Amazon,Software Engineer,IC1,Hyderabad,software-engineer,hyderabad-ind,20.1,6.7,27300,16100,6000,48200,USD,18/05/2026,remote,Software Engineer,None,PASS
65,Adobe,Software Engineer,IC2,Noida,software-engineer,noida-ind,20.4,6.8,27400,16300,6000,48480,USD,15/05/2026,onsite,Software Engineer,None,PASS
66,ServiceNow,Software Engineer,IC14,Pune,software-engineer,pune-ind,20.7,6.9,27500,16500,6000,48760,USD,20/05/2026,hybrid,Software Engineer,None,PASS
67,Google,Software Engineer,L16,Bangalore,software-engineer,bangalore-ind,21,7,27600,16700,6000,49040,USD,18/05/2026,onsite,Software Engineer,None,PASS
68,Microsoft,Software Engineer,IC2,Bangalore,software-engineer,bangalore-ind,21.3,7.1,27700,16900,6000,49320,USD,20/05/2026,hybrid,Software Engineer,None,PASS
69,Amazon,Software Engineer,IC1,Hyderabad,software-engineer,hyderabad-ind,21.6,7.2,27800,17100,6000,49600,USD,18/05/2026,remote,Software Engineer,None,PASS
70,Adobe,Software Engineer,IC2,Noida,software-engineer,noida-ind,21.9,7.3,27900,17300,6000,49880,USD,15/05/2026,onsite,Software Engineer,None,PASS
71,ServiceNow,Software Engineer,IC15,Pune,software-engineer,pune-ind,22.2,7.4,28000,17500,6000,50160,USD,20/05/2026,hybrid,Software Engineer,None,PASS
72,Google,Software Engineer,L17,Bangalore,software-engineer,bangalore-ind,22.5,7.5,28100,17700,6000,50440,USD,18/05/2026,onsite,Software Engineer,None,PASS
73,Microsoft,Software Engineer,IC2,Bangalore,software-engineer,bangalore-ind,22.8,7.6,28200,17900,6000,50720,USD,20/05/2026,hybrid,Software Engineer,None,PASS
74,Amazon,Software Engineer,IC1,Hyderabad,software-engineer,hyderabad-ind,23.1,7.7,28300,18100,6000,51000,USD,18/05/2026,remote,Software Engineer,None,PASS
75,Adobe,Software Engineer,IC2,Noida,software-engineer,noida-ind,23.4,7.8,28400,18300,6000,51280,USD,15/05/2026,onsite,Software Engineer,None,PASS
76,ServiceNow,Software Engineer,IC16,Pune,software-engineer,pune-ind,23.7,7.9,28500,18500,6000,51560,USD,20/05/2026,hybrid,Software Engineer,None,PASS
77,Google,Software Engineer,L18,Bangalore,software-engineer,bangalore-ind,24,8,28600,18700,6000,51840,USD,18/05/2026,onsite,Software Engineer,None,PASS
78,Microsoft,Software Engineer,IC2,Bangalore,software-engineer,bangalore-ind,24.3,8.1,28700,18900,6000,52120,USD,20/05/2026,hybrid,Software Engineer,None,PASS
79,Amazon,Software Engineer,IC1,Hyderabad,software-engineer,hyderabad-ind,24.6,8.2,28800,19100,6000,52400,USD,18/05/2026,remote,Software Engineer,None,PASS
80,Adobe,Software Engineer,IC2,Noida,software-engineer,noida-ind,24.9,8.3,28900,19300,6000,52680,USD,15/05/2026,onsite,Software Engineer,None,PASS
81,ServiceNow,Software Engineer,IC17,Pune,software-engineer,pune-ind,25.2,8.4,29000,19500,6000,52960,USD,20/05/2026,hybrid,Software Engineer,None,PASS
82,Google,Software Engineer,L19,Bangalore,software-engineer,bangalore-ind,25.5,8.5,29100,19700,6000,53240,USD,18/05/2026,onsite,Software Engineer,None,PASS
83,Microsoft,Software Engineer,IC2,Bangalore,software-engineer,bangalore-ind,25.8,8.6,29200,19900,6000,53520,USD,20/05/2026,hybrid,Software Engineer,None,PASS
84,Amazon,Software Engineer,IC1,Hyderabad,software-engineer,hyderabad-ind,26.1,8.7,29300,20100,6000,53800,USD,18/05/2026,remote,Software Engineer,None,PASS
85,Adobe,Software Engineer,IC2,Noida,software-engineer,noida-ind,26.4,8.8,29400,20300,6000,54080,USD,15/05/2026,onsite,Software Engineer,None,PASS
86,ServiceNow,Software Engineer,IC18,Pune,software-engineer,pune-ind,26.7,8.9,29500,20500,6000,54360,USD,20/05/2026,hybrid,Software Engineer,None,PASS
87,Google,Software Engineer,L20,Bangalore,software-engineer,bangalore-ind,27,9,29600,20700,6000,54640,USD,18/05/2026,onsite,Software Engineer,None,PASS
88,Microsoft,Software Engineer,IC2,Bangalore,software-engineer,bangalore-ind,27.3,9.1,29700,20900,6000,54920,USD,20/05/2026,hybrid,Software Engineer,None,PASS
89,Amazon,Software Engineer,IC1,Hyderabad,software-engineer,hyderabad-ind,27.6,9.2,29800,21100,6000,55200,USD,18/05/2026,remote,Software Engineer,None,PASS
90,Adobe,Software Engineer,IC2,Noida,software-engineer,noida-ind,27.9,9.3,29900,21300,6000,55480,USD,15/05/2026,onsite,Software Engineer,None,PASS
91,ServiceNow,Software Engineer,IC19,Pune,software-engineer,pune-ind,28.2,9.4,30000,21500,6000,55760,USD,20/05/2026,hybrid,Software Engineer,None,PASS
92,Google,Software Engineer,L21,Bangalore,software-engineer,bangalore-ind,28.5,9.5,30100,21700,6000,56040,USD,18/05/2026,onsite,Software Engineer,None,PASS
93,Microsoft,Software Engineer,IC2,Bangalore,software-engineer,bangalore-ind,28.8,9.6,30200,21900,6000,56320,USD,20/05/2026,hybrid,Software Engineer,None,PASS
94,Amazon,Software Engineer,IC1,Hyderabad,software-engineer,hyderabad-ind,29.1,9.7,30300,22100,6000,56600,USD,18/05/2026,remote,Software Engineer,None,PASS
95,Adobe,Software Engineer,IC2,Noida,software-engineer,noida-ind,29.4,9.8,30400,22300,6000,56880,USD,15/05/2026,onsite,Software Engineer,None,PASS
96,ServiceNow,Software Engineer,IC20,Pune,software-engineer,pune-ind,29.7,9.9,30500,22500,6000,57160,USD,20/05/2026,hybrid,Software Engineer,None,PASS
97,Google,Software Engineer,L22,Bangalore,software-engineer,bangalore-ind,30,10,30600,22700,6000,57440,USD,18/05/2026,onsite,Software Engineer,None,PASS
98,Microsoft,Software Engineer,IC2,Bangalore,software-engineer,bangalore-ind,30.3,10.1,30700,22900,6000,57720,USD,20/05/2026,hybrid,Software Engineer,None,PASS
99,Amazon,Software Engineer,IC1,Hyderabad,software-engineer,hyderabad-ind,30.6,10.2,30800,23100,6000,58000,USD,18/05/2026,remote,Software Engineer,None,PASS
100,Adobe,Software Engineer,IC2,Noida,software-engineer,noida-ind,30.9,10.3,30900,23300,6000,58280,USD,15/05/2026,onsite,Software Engineer,None,PASS
101,ServiceNow,Software Engineer,IC21,Pune,software-engineer,pune-ind,31.2,10.4,31000,23500,6000,58560,USD,20/05/2026,hybrid,Software Engineer,None,PASS
102,Google,Software Engineer,L23,Bangalore,software-engineer,bangalore-ind,31.5,10.5,31100,23700,6000,58840,USD,18/05/2026,onsite,Software Engineer,None,PASS
103,Microsoft,Software Engineer,IC2,Bangalore,software-engineer,bangalore-ind,31.8,10.6,31200,23900,6000,59120,USD,20/05/2026,hybrid,Software Engineer,None,PASS
104,Amazon,Software Engineer,IC1,Hyderabad,software-engineer,hyderabad-ind,32.1,10.7,31300,24100,6000,59400,USD,18/05/2026,remote,Software Engineer,None,PASS
105,Adobe,Software Engineer,IC2,Noida,software-engineer,noida-ind,32.4,10.8,31400,24300,6000,59680,USD,15/05/2026,onsite,Software Engineer,None,PASS
106,ServiceNow,Software Engineer,IC22,Pune,software-engineer,pune-ind,32.7,10.9,31500,24500,6000,59960,USD,20/05/2026,hybrid,Software Engineer,None,PASS
107,Google,Software Engineer,L24,Bangalore,software-engineer,bangalore-ind,33,11,31600,24700,6000,60240,USD,18/05/2026,onsite,Software Engineer,None,PASS
108,Microsoft,Software Engineer,IC2,Bangalore,software-engineer,bangalore-ind,33.3,11.1,31700,24900,6000,60520,USD,20/05/2026,hybrid,Software Engineer,None,PASS
109,Amazon,Software Engineer,IC1,Hyderabad,software-engineer,hyderabad-ind,33.6,11.2,31800,25100,6000,60800,USD,18/05/2026,remote,Software Engineer,None,PASS
110,Adobe,Software Engineer,IC2,Noida,software-engineer,noida-ind,33.9,11.3,31900,25300,6000,61080,USD,15/05/2026,onsite,Software Engineer,None,PASS
111,ServiceNow,Software Engineer,IC23,Pune,software-engineer,pune-ind,34.2,11.4,32000,25500,6000,61360,USD,20/05/2026,hybrid,Software Engineer,None,PASS
112,Google,Software Engineer,L25,Bangalore,software-engineer,bangalore-ind,34.5,11.5,32100,25700,6000,61640,USD,18/05/2026,onsite,Software Engineer,None,PASS
113,Microsoft,Software Engineer,IC2,Bangalore,software-engineer,bangalore-ind,34.8,11.6,32200,25900,6000,61920,USD,20/05/2026,hybrid,Software Engineer,None,PASS
114,Amazon,Software Engineer,IC1,Hyderabad,software-engineer,hyderabad-ind,35.1,11.7,32300,26100,6000,62200,USD,18/05/2026,remote,Software Engineer,None,PASS
115,Adobe,Software Engineer,IC2,Noida,software-engineer,noida-ind,35.4,11.8,32400,26300,6000,62480,USD,15/05/2026,onsite,Software Engineer,None,PASS
116,ServiceNow,Software Engineer,IC24,Pune,software-engineer,pune-ind,35.7,11.9,32500,26500,6000,62760,USD,20/05/2026,hybrid,Software Engineer,None,PASS
117,Google,Software Engineer,L26,Bangalore,software-engineer,bangalore-ind,36,12,32600,26700,6000,63040,USD,18/05/2026,onsite,Software Engineer,None,PASS
118,Microsoft,Software Engineer,IC2,Bangalore,software-engineer,bangalore-ind,36.3,12.1,32700,26900,6000,63320,USD,20/05/2026,hybrid,Software Engineer,None,PASS
119,Amazon,Software Engineer,IC1,Hyderabad,software-engineer,hyderabad-ind,36.6,12.2,32800,27100,6000,63600,USD,18/05/2026,remote,Software Engineer,None,PASS
120,Adobe,Software Engineer,IC2,Noida,software-engineer,noida-ind,36.9,12.3,32900,27300,6000,63880,USD,15/05/2026,onsite,Software Engineer,None,PASS
121,ServiceNow,Software Engineer,IC25,Pune,software-engineer,pune-ind,37.2,12.4,33000,27500,6000,64160,USD,20/05/2026,hybrid,Software Engineer,None,PASS
122,Google,Software Engineer,L27,Bangalore,software-engineer,bangalore-ind,37.5,12.5,33100,27700,6000,64440,USD,18/05/2026,onsite,Software Engineer,None,PASS
123,Microsoft,Software Engineer,IC2,Bangalore,software-engineer,bangalore-ind,37.8,12.6,33200,27900,6000,64720,USD,20/05/2026,hybrid,Software Engineer,None,PASS
124,Amazon,Software Engineer,IC1,Hyderabad,software-engineer,hyderabad-ind,38.1,12.7,33300,28100,6000,65000,USD,18/05/2026,remote,Software Engineer,None,PASS
125,Adobe,Software Engineer,IC2,Noida,software-engineer,noida-ind,38.4,12.8,33400,28300,6000,65280,USD,15/05/2026,onsite,Software Engineer,None,PASS
126,ServiceNow,Software Engineer,IC26,Pune,software-engineer,pune-ind,38.7,12.9,33500,28500,6000,65560,USD,20/05/2026,hybrid,Software Engineer,None,PASS
127,Google,Software Engineer,L28,Bangalore,software-engineer,bangalore-ind,39,13,33600,28700,6000,65840,USD,18/05/2026,onsite,Software Engineer,None,PASS
128,Microsoft,Software Engineer,IC2,Bangalore,software-engineer,bangalore-ind,39.3,13.1,33700,28900,6000,66120,USD,20/05/2026,hybrid,Software Engineer,None,PASS
129,Amazon,Software Engineer,IC1,Hyderabad,software-engineer,hyderabad-ind,39.6,13.2,33800,29100,6000,66400,USD,18/05/2026,remote,Software Engineer,None,PASS
130,Adobe,Software Engineer,IC2,Noida,software-engineer,noida-ind,39.9,13.3,33900,29300,6000,66680,USD,15/05/2026,onsite,Software Engineer,None,PASS
131,ServiceNow,Software Engineer,IC27,Pune,software-engineer,pune-ind,40.2,13.4,34000,29500,6000,66960,USD,20/05/2026,hybrid,Software Engineer,None,PASS
132,Google,Software Engineer,L29,Bangalore,software-engineer,bangalore-ind,40.5,13.5,34100,29700,6000,67240,USD,18/05/2026,onsite,Software Engineer,None,PASS
133,Microsoft,Software Engineer,IC2,Bangalore,software-engineer,bangalore-ind,40.8,13.6,34200,29900,6000,67520,USD,20/05/2026,hybrid,Software Engineer,None,PASS
134,Amazon,Software Engineer,IC1,Hyderabad,software-engineer,hyderabad-ind,41.1,13.7,34300,30100,6000,67800,USD,18/05/2026,remote,Software Engineer,None,PASS
135,Adobe,Software Engineer,IC2,Noida,software-engineer,noida-ind,41.4,13.8,34400,30300,6000,68080,USD,15/05/2026,onsite,Software Engineer,None,PASS
136,ServiceNow,Software Engineer,IC28,Pune,software-engineer,pune-ind,41.7,13.9,34500,30500,6000,68360,USD,20/05/2026,hybrid,Software Engineer,None,PASS
137,Google,Software Engineer,L30,Bangalore,software-engineer,bangalore-ind,42,14,34600,30700,6000,68640,USD,18/05/2026,onsite,Software Engineer,None,PASS
138,Microsoft,Software Engineer,IC2,Bangalore,software-engineer,bangalore-ind,42.3,14.1,34700,30900,6000,68920,USD,20/05/2026,hybrid,Software Engineer,None,PASS
139,Amazon,Software Engineer,IC1,Hyderabad,software-engineer,hyderabad-ind,42.6,14.2,34800,31100,6000,69200,USD,18/05/2026,remote,Software Engineer,None,PASS
140,Adobe,Software Engineer,IC2,Noida,software-engineer,noida-ind,42.9,14.3,34900,31300,6000,69480,USD,15/05/2026,onsite,Software Engineer,None,PASS
141,ServiceNow,Software Engineer,IC29,Pune,software-engineer,pune-ind,43.2,14.4,35000,31500,6000,69760,USD,20/05/2026,hybrid,Software Engineer,None,PASS
142,Google,Software Engineer,L31,Bangalore,software-engineer,bangalore-ind,43.5,14.5,35100,31700,6000,70040,USD,18/05/2026,onsite,Software Engineer,None,PASS
143,Microsoft,Software Engineer,IC2,Bangalore,software-engineer,bangalore-ind,43.8,14.6,35200,31900,6000,70320,USD,20/05/2026,hybrid,Software Engineer,None,PASS
144,Amazon,Software Engineer,IC1,Hyderabad,software-engineer,hyderabad-ind,44.1,14.7,35300,32100,6000,70600,USD,18/05/2026,remote,Software Engineer,None,PASS
145,Adobe,Software Engineer,IC2,Noida,software-engineer,noida-ind,44.4,14.8,35400,32300,6000,70880,USD,15/05/2026,onsite,Software Engineer,None,PASS
146,ServiceNow,Software Engineer,IC30,Pune,software-engineer,pune-ind,44.7,14.9,35500,32500,6000,71160,USD,20/05/2026,hybrid,Software Engineer,None,PASS
147,Google,Software Engineer,L32,Bangalore,software-engineer,bangalore-ind,45,15,35600,32700,6000,71440,USD,18/05/2026,onsite,Software Engineer,None,PASS
148,Microsoft,Software Engineer,IC2,Bangalore,software-engineer,bangalore-ind,45.3,15.1,35700,32900,6000,71720,USD,20/05/2026,hybrid,Software Engineer,None,PASS
149,Amazon,Software Engineer,IC1,Hyderabad,software-engineer,hyderabad-ind,45.6,15.2,35800,33100,6000,72000,USD,18/05/2026,remote,Software Engineer,None,PASS
150,Adobe,Software Engineer,IC2,Noida,software-engineer,noida-ind,45.9,15.3,35900,33300,6000,72280,USD,15/05/2026,onsite,Software Engineer,None,PASS
151,ServiceNow,Software Engineer,IC31,Pune,software-engineer,pune-ind,46.2,15.4,36000,33500,6000,72560,USD,20/05/2026,hybrid,Software Engineer,None,PASS
152,Google,Software Engineer,L33,Bangalore,software-engineer,bangalore-ind,46.5,15.5,36100,33700,6000,72840,USD,18/05/2026,onsite,Software Engineer,None,PASS
153,Microsoft,Software Engineer,IC2,Bangalore,software-engineer,bangalore-ind,46.8,15.6,36200,33900,6000,73120,USD,20/05/2026,hybrid,Software Engineer,None,PASS
154,Amazon,Software Engineer,IC1,Hyderabad,software-engineer,hyderabad-ind,47.1,15.7,36300,34100,6000,73400,USD,18/05/2026,remote,Software Engineer,None,PASS
155,Adobe,Software Engineer,IC2,Noida,software-engineer,noida-ind,47.4,15.8,36400,34300,6000,73680,USD,15/05/2026,onsite,Software Engineer,None,PASS
156,ServiceNow,Software Engineer,IC32,Pune,software-engineer,pune-ind,47.7,15.9,36500,34500,6000,73960,USD,20/05/2026,hybrid,Software Engineer,None,PASS
157,Google,Software Engineer,L34,Bangalore,software-engineer,bangalore-ind,48,16,36600,34700,6000,74240,USD,18/05/2026,onsite,Software Engineer,None,PASS
158,Microsoft,Software Engineer,IC2,Bangalore,software-engineer,bangalore-ind,48.3,16.1,36700,34900,6000,74520,USD,20/05/2026,hybrid,Software Engineer,None,PASS
159,Amazon,Software Engineer,IC1,Hyderabad,software-engineer,hyderabad-ind,48.6,16.2,36800,35100,6000,74800,USD,18/05/2026,remote,Software Engineer,None,PASS
160,Adobe,Software Engineer,IC2,Noida,software-engineer,noida-ind,48.9,16.3,36900,35300,6000,75080,USD,15/05/2026,onsite,Software Engineer,None,PASS
161,ServiceNow,Software Engineer,IC33,Pune,software-engineer,pune-ind,49.2,16.4,37000,35500,6000,75360,USD,20/05/2026,hybrid,Software Engineer,None,PASS
162,Google,Software Engineer,L35,Bangalore,software-engineer,bangalore-ind,49.5,16.5,37100,35700,6000,75640,USD,18/05/2026,onsite,Software Engineer,None,PASS
163,Microsoft,Software Engineer,IC2,Bangalore,software-engineer,bangalore-ind,49.8,16.6,37200,35900,6000,75920,USD,20/05/2026,hybrid,Software Engineer,None,PASS
164,Amazon,Software Engineer,IC1,Hyderabad,software-engineer,hyderabad-ind,50.1,16.7,37300,36100,6000,76200,USD,18/05/2026,remote,Software Engineer,None,PASS
165,Adobe,Software Engineer,IC2,Noida,software-engineer,noida-ind,50.4,16.8,37400,36300,6000,76480,USD,15/05/2026,onsite,Software Engineer,None,PASS
166,ServiceNow,Software Engineer,IC34,Pune,software-engineer,pune-ind,50.7,16.9,37500,36500,6000,76760,USD,20/05/2026,hybrid,Software Engineer,None,PASS
167,Google,Software Engineer,L36,Bangalore,software-engineer,bangalore-ind,51,17,37600,36700,6000,77040,USD,18/05/2026,onsite,Software Engineer,None,PASS
168,Microsoft,Software Engineer,IC2,Bangalore,software-engineer,bangalore-ind,51.3,17.1,37700,36900,6000,77320,USD,20/05/2026,hybrid,Software Engineer,None,PASS
169,Amazon,Software Engineer,IC1,Hyderabad,software-engineer,hyderabad-ind,51.6,17.2,37800,37100,6000,77600,USD,18/05/2026,remote,Software Engineer,None,PASS
170,Adobe,Software Engineer,IC2,Noida,software-engineer,noida-ind,51.9,17.3,37900,37300,6000,77880,USD,15/05/2026,onsite,Software Engineer,None,PASS
171,ServiceNow,Software Engineer,IC35,Pune,software-engineer,pune-ind,52.2,17.4,38000,37500,6000,78160,USD,20/05/2026,hybrid,Software Engineer,None,PASS
172,Google,Software Engineer,L37,Bangalore,software-engineer,bangalore-ind,52.5,17.5,38100,37700,6000,78440,USD,18/05/2026,onsite,Software Engineer,None,PASS
173,Microsoft,Software Engineer,IC2,Bangalore,software-engineer,bangalore-ind,52.8,17.6,38200,37900,6000,78720,USD,20/05/2026,hybrid,Software Engineer,None,PASS
174,Amazon,Software Engineer,IC1,Hyderabad,software-engineer,hyderabad-ind,53.1,17.7,38300,38100,6000,79000,USD,18/05/2026,remote,Software Engineer,None,PASS
175,Adobe,Software Engineer,IC2,Noida,software-engineer,noida-ind,53.4,17.8,38400,38300,6000,79280,USD,15/05/2026,onsite,Software Engineer,None,PASS
176,ServiceNow,Software Engineer,IC36,Pune,software-engineer,pune-ind,53.7,17.9,38500,38500,6000,79560,USD,20/05/2026,hybrid,Software Engineer,None,PASS
177,Google,Software Engineer,L38,Bangalore,software-engineer,bangalore-ind,54,18,38600,38700,6000,79840,USD,18/05/2026,onsite,Software Engineer,None,PASS
178,Microsoft,Software Engineer,IC2,Bangalore,software-engineer,bangalore-ind,54.3,18.1,38700,38900,6000,80120,USD,20/05/2026,hybrid,Software Engineer,None,PASS
179,Amazon,Software Engineer,IC1,Hyderabad,software-engineer,hyderabad-ind,54.6,18.2,38800,39100,6000,80400,USD,18/05/2026,remote,Software Engineer,None,PASS
180,Adobe,Software Engineer,IC2,Noida,software-engineer,noida-ind,54.9,18.3,38900,39300,6000,80680,USD,15/05/2026,onsite,Software Engineer,None,PASS
181,ServiceNow,Software Engineer,IC37,Pune,software-engineer,pune-ind,55.2,18.4,39000,39500,6000,80960,USD,20/05/2026,hybrid,Software Engineer,None,PASS
182,Google,Software Engineer,L39,Bangalore,software-engineer,bangalore-ind,55.5,18.5,39100,39700,6000,81240,USD,18/05/2026,onsite,Software Engineer,None,PASS
183,Microsoft,Software Engineer,IC2,Bangalore,software-engineer,bangalore-ind,55.8,18.6,39200,39900,6000,81520,USD,20/05/2026,hybrid,Software Engineer,None,PASS
184,Amazon,Software Engineer,IC1,Hyderabad,software-engineer,hyderabad-ind,56.1,18.7,39300,40100,6000,81800,USD,18/05/2026,remote,Software Engineer,None,PASS
185,Adobe,Software Engineer,IC2,Noida,software-engineer,noida-ind,56.4,18.8,39400,40300,6000,82080,USD,15/05/2026,onsite,Software Engineer,None,PASS
186,ServiceNow,Software Engineer,IC38,Pune,software-engineer,pune-ind,56.7,18.9,39500,40500,6000,82360,USD,20/05/2026,hybrid,Software Engineer,None,PASS
187,Google,Software Engineer,L40,Bangalore,software-engineer,bangalore-ind,57,19,39600,40700,6000,82640,USD,18/05/2026,onsite,Software Engineer,None,PASS
188,Microsoft,Software Engineer,IC2,Bangalore,software-engineer,bangalore-ind,57.3,19.1,39700,40900,6000,82920,USD,20/05/2026,hybrid,Software Engineer,None,PASS
189,Amazon,Software Engineer,IC1,Hyderabad,software-engineer,hyderabad-ind,57.6,19.2,39800,41100,6000,83200,USD,18/05/2026,remote,Software Engineer,None,PASS
190,Adobe,Software Engineer,IC2,Noida,software-engineer,noida-ind,57.9,19.3,39900,41300,6000,83480,USD,15/05/2026,onsite,Software Engineer,None,PASS
191,ServiceNow,Software Engineer,IC39,Pune,software-engineer,pune-ind,58.2,19.4,40000,41500,6000,83760,USD,20/05/2026,hybrid,Software Engineer,None,PASS
192,Google,Software Engineer,L41,Bangalore,software-engineer,bangalore-ind,58.5,19.5,40100,41700,6000,84040,USD,18/05/2026,onsite,Software Engineer,None,PASS
193,Microsoft,Software Engineer,IC2,Bangalore,software-engineer,bangalore-ind,58.8,19.6,40200,41900,6000,84320,USD,20/05/2026,hybrid,Software Engineer,None,PASS
194,Amazon,Software Engineer,IC1,Hyderabad,software-engineer,hyderabad-ind,59.1,19.7,40300,42100,6000,84600,USD,18/05/2026,remote,Software Engineer,None,PASS
195,Adobe,Software Engineer,IC2,Noida,software-engineer,noida-ind,59.4,19.8,40400,42300,6000,84880,USD,15/05/2026,onsite,Software Engineer,None,PASS
196,ServiceNow,Software Engineer,IC40,Pune,software-engineer,pune-ind,59.7,19.9,40500,42500,6000,85160,USD,20/05/2026,hybrid,Software Engineer,None,PASS
197,Google,Software Engineer,L42,Bangalore,software-engineer,bangalore-ind,60,20,40600,42700,6000,85440,USD,18/05/2026,onsite,Software Engineer,None,PASS
198,Microsoft,Software Engineer,IC2,Bangalore,software-engineer,bangalore-ind,60.3,20.1,40700,42900,6000,85720,USD,20/05/2026,hybrid,Software Engineer,None,PASS
199,Amazon,Software Engineer,IC1,Hyderabad,software-engineer,hyderabad-ind,60.6,20.2,40800,43100,6000,86000,USD,18/05/2026,remote,Software Engineer,None,PASS
200,Adobe,Software Engineer,IC2,Noida,software-engineer,noida-ind,60.9,20.3,40900,43300,6000,86280,USD,15/05/2026,onsite,Software Engineer,None,PASS
201,ServiceNow,Software Engineer,IC41,Pune,software-engineer,pune-ind,61.2,20.4,41000,43500,6000,86560,USD,20/05/2026,hybrid,Software Engineer,None,PASS
202,Google,Software Engineer,L43,Bangalore,software-engineer,bangalore-ind,61.5,20.5,41100,43700,6000,86840,USD,18/05/2026,onsite,Software Engineer,None,PASS
203,Microsoft,Software Engineer,IC2,Bangalore,software-engineer,bangalore-ind,61.8,20.6,41200,43900,6000,87120,USD,20/05/2026,hybrid,Software Engineer,None,PASS
204,Amazon,Software Engineer,IC1,Hyderabad,software-engineer,hyderabad-ind,62.1,20.7,41300,44100,6000,87400,USD,18/05/2026,remote,Software Engineer,None,PASS
205,Adobe,Software Engineer,IC2,Noida,software-engineer,noida-ind,62.4,20.8,41400,44300,6000,87680,USD,15/05/2026,onsite,Software Engineer,None,PASS
206,ServiceNow,Software Engineer,IC42,Pune,software-engineer,pune-ind,62.7,20.9,41500,44500,6000,87960,USD,20/05/2026,hybrid,Software Engineer,None,PASS
207,Google,Software Engineer,L44,Bangalore,software-engineer,bangalore-ind,63,21,41600,44700,6000,88240,USD,18/05/2026,onsite,Software Engineer,None,PASS
208,Microsoft,Software Engineer,IC2,Bangalore,software-engineer,bangalore-ind,63.3,21.1,41700,44900,6000,88520,USD,20/05/2026,hybrid,Software Engineer,None,PASS
209,Amazon,Software Engineer,IC1,Hyderabad,software-engineer,hyderabad-ind,63.6,21.2,41800,45100,6000,88800,USD,18/05/2026,remote,Software Engineer,None,PASS
210,Adobe,Software Engineer,IC2,Noida,software-engineer,noida-ind,63.9,21.3,41900,45300,6000,89080,USD,15/05/2026,onsite,Software Engineer,None,PASS
211,ServiceNow,Software Engineer,IC43,Pune,software-engineer,pune-ind,64.2,21.4,42000,45500,6000,89360,USD,20/05/2026,hybrid,Software Engineer,None,PASS
212,Google,Software Engineer,L45,Bangalore,software-engineer,bangalore-ind,64.5,21.5,42100,45700,6000,89640,USD,18/05/2026,onsite,Software Engineer,None,PASS
213,Microsoft,Software Engineer,IC2,Bangalore,software-engineer,bangalore-ind,64.8,21.6,42200,45900,6000,89920,USD,20/05/2026,hybrid,Software Engineer,None,PASS
214,Amazon,Software Engineer,IC1,Hyderabad,software-engineer,hyderabad-ind,65.1,21.7,42300,46100,6000,90200,USD,18/05/2026,remote,Software Engineer,None,PASS
215,Adobe,Software Engineer,IC2,Noida,software-engineer,noida-ind,65.4,21.8,42400,46300,6000,90480,USD,15/05/2026,onsite,Software Engineer,None,PASS
216,ServiceNow,Software Engineer,IC44,Pune,software-engineer,pune-ind,65.7,21.9,42500,46500,6000,90760,USD,20/05/2026,hybrid,Software Engineer,None,PASS
217,Google,Software Engineer,L46,Bangalore,software-engineer,bangalore-ind,66,22,42600,46700,6000,91040,USD,18/05/2026,onsite,Software Engineer,None,PASS
218,Microsoft,Software Engineer,IC2,Bangalore,software-engineer,bangalore-ind,66.3,22.1,42700,46900,6000,91320,USD,20/05/2026,hybrid,Software Engineer,None,PASS
219,Amazon,Software Engineer,IC1,Hyderabad,software-engineer,hyderabad-ind,66.6,22.2,42800,47100,6000,91600,USD,18/05/2026,remote,Software Engineer,None,PASS
220,Adobe,Software Engineer,IC2,Noida,software-engineer,noida-ind,66.9,22.3,42900,47300,6000,91880,USD,15/05/2026,onsite,Software Engineer,None,PASS
221,ServiceNow,Software Engineer,IC45,Pune,software-engineer,pune-ind,67.2,22.4,43000,47500,6000,92160,USD,20/05/2026,hybrid,Software Engineer,None,PASS
222,Google,Software Engineer,L47,Bangalore,software-engineer,bangalore-ind,67.5,22.5,43100,47700,6000,92440,USD,18/05/2026,onsite,Software Engineer,None,PASS
223,Microsoft,Software Engineer,IC2,Bangalore,software-engineer,bangalore-ind,67.8,22.6,43200,47900,6000,92720,USD,20/05/2026,hybrid,Software Engineer,None,PASS
224,Amazon,Software Engineer,IC1,Hyderabad,software-engineer,hyderabad-ind,68.1,22.7,43300,48100,6000,93000,USD,18/05/2026,remote,Software Engineer,None,PASS
225,Adobe,Software Engineer,IC2,Noida,software-engineer,noida-ind,68.4,22.8,43400,48300,6000,93280,USD,15/05/2026,onsite,Software Engineer,None,PASS
226,ServiceNow,Software Engineer,IC46,Pune,software-engineer,pune-ind,68.7,22.9,43500,48500,6000,93560,USD,20/05/2026,hybrid,Software Engineer,None,PASS
227,Google,Software Engineer,L48,Bangalore,software-engineer,bangalore-ind,69,23,43600,48700,6000,93840,USD,18/05/2026,onsite,Software Engineer,None,PASS
228,Microsoft,Software Engineer,IC2,Bangalore,software-engineer,bangalore-ind,69.3,23.1,43700,48900,6000,94120,USD,20/05/2026,hybrid,Software Engineer,None,PASS
229,Amazon,Software Engineer,IC1,Hyderabad,software-engineer,hyderabad-ind,69.6,23.2,43800,49100,6000,94400,USD,18/05/2026,remote,Software Engineer,None,PASS
230,Adobe,Software Engineer,IC2,Noida,software-engineer,noida-ind,69.9,23.3,43900,49300,6000,94680,USD,15/05/2026,onsite,Software Engineer,None,PASS
231,ServiceNow,Software Engineer,IC47,Pune,software-engineer,pune-ind,70.2,23.4,44000,49500,6000,94960,USD,20/05/2026,hybrid,Software Engineer,None,PASS
232,Google,Software Engineer,L49,Bangalore,software-engineer,bangalore-ind,70.5,23.5,44100,49700,6000,95240,USD,18/05/2026,onsite,Software Engineer,None,PASS
233,Microsoft,Software Engineer,IC2,Bangalore,software-engineer,bangalore-ind,70.8,23.6,44200,49900,6000,95520,USD,20/05/2026,hybrid,Software Engineer,None,PASS
234,Amazon,Software Engineer,IC1,Hyderabad,software-engineer,hyderabad-ind,71.1,23.7,44300,50100,6000,95800,USD,18/05/2026,remote,Software Engineer,None,PASS
235,Adobe,Software Engineer,IC2,Noida,software-engineer,noida-ind,71.4,23.8,44400,50300,6000,96080,USD,15/05/2026,onsite,Software Engineer,None,PASS
236,ServiceNow,Software Engineer,IC48,Pune,software-engineer,pune-ind,71.7,23.9,44500,50500,6000,96360,USD,20/05/2026,hybrid,Software Engineer,None,PASS
237,Google,Software Engineer,L50,Bangalore,software-engineer,bangalore-ind,72,24,44600,50700,6000,96640,USD,18/05/2026,onsite,Software Engineer,None,PASS
238,Microsoft,Software Engineer,IC2,Bangalore,software-engineer,bangalore-ind,72.3,24.1,44700,50900,6000,96920,USD,20/05/2026,hybrid,Software Engineer,None,PASS
239,Amazon,Software Engineer,IC1,Hyderabad,software-engineer,hyderabad-ind,72.6,24.2,44800,51100,6000,97200,USD,18/05/2026,remote,Software Engineer,None,PASS
240,Adobe,Software Engineer,IC2,Noida,software-engineer,noida-ind,72.9,24.3,44900,51300,6000,97480,USD,15/05/2026,onsite,Software Engineer,None,PASS
241,ServiceNow,Software Engineer,IC49,Pune,software-engineer,pune-ind,73.2,24.4,45000,51500,6000,97760,USD,20/05/2026,hybrid,Software Engineer,None,PASS
242,Google,Software Engineer,L51,Bangalore,software-engineer,bangalore-ind,73.5,24.5,45100,51700,6000,98040,USD,18/05/2026,onsite,Software Engineer,None,PASS
243,Microsoft,Software Engineer,IC2,Bangalore,software-engineer,bangalore-ind,73.8,24.6,45200,51900,6000,98320,USD,20/05/2026,hybrid,Software Engineer,None,PASS
244,Amazon,Software Engineer,IC1,Hyderabad,software-engineer,hyderabad-ind,74.1,24.7,45300,52100,6000,98600,USD,18/05/2026,remote,Software Engineer,None,PASS
245,Adobe,Software Engineer,IC2,Noida,software-engineer,noida-ind,74.4,24.8,45400,52300,6000,98880,USD,15/05/2026,onsite,Software Engineer,None,PASS
246,ServiceNow,Software Engineer,IC50,Pune,software-engineer,pune-ind,74.7,24.9,45500,52500,6000,99160,USD,20/05/2026,hybrid,Software Engineer,None,PASS
247,Google,Software Engineer,L52,Bangalore,software-engineer,bangalore-ind,75,25,45600,52700,6000,99440,USD,18/05/2026,onsite,Software Engineer,None,PASS
248,Microsoft,Software Engineer,IC2,Bangalore,software-engineer,bangalore-ind,75.3,25.1,45700,52900,6000,99720,USD,20/05/2026,hybrid,Software Engineer,None,PASS
249,Amazon,Software Engineer,IC1,Hyderabad,software-engineer,hyderabad-ind,75.6,25.2,45800,53100,6000,100000,USD,18/05/2026,remote,Software Engineer,None,PASS
250,Adobe,Software Engineer,IC2,Noida,software-engineer,noida-ind,75.9,25.3,45900,53300,6000,100280,USD,15/05/2026,onsite,Software Engineer,None,PASS
251,ServiceNow,Software Engineer,IC51,Pune,software-engineer,pune-ind,76.2,25.4,46000,53500,6000,100560,USD,20/05/2026,hybrid,Software Engineer,None,PASS
252,Google,Software Engineer,L53,Bangalore,software-engineer,bangalore-ind,76.5,25.5,46100,53700,6000,100840,USD,18/05/2026,onsite,Software Engineer,None,PASS
253,Microsoft,Software Engineer,IC2,Bangalore,software-engineer,bangalore-ind,76.8,25.6,46200,53900,6000,101120,USD,20/05/2026,hybrid,Software Engineer,None,PASS
254,Amazon,Software Engineer,IC1,Hyderabad,software-engineer,hyderabad-ind,77.1,25.7,46300,54100,6000,101400,USD,18/05/2026,remote,Software Engineer,None,PASS
255,Adobe,Software Engineer,IC2,Noida,software-engineer,noida-ind,77.4,25.8,46400,54300,6000,101680,USD,15/05/2026,onsite,Software Engineer,None,PASS
256,ServiceNow,Software Engineer,IC52,Pune,software-engineer,pune-ind,77.7,25.9,46500,54500,6000,101960,USD,20/05/2026,hybrid,Software Engineer,None,PASS
257,Google,Software Engineer,L54,Bangalore,software-engineer,bangalore-ind,78,26,46600,54700,6000,102240,USD,18/05/2026,onsite,Software Engineer,None,PASS
258,Microsoft,Software Engineer,IC2,Bangalore,software-engineer,bangalore-ind,78.3,26.1,46700,54900,6000,102520,USD,20/05/2026,hybrid,Software Engineer,None,PASS
259,Amazon,Software Engineer,IC1,Hyderabad,software-engineer,hyderabad-ind,78.6,26.2,46800,55100,6000,102800,USD,18/05/2026,remote,Software Engineer,None,PASS
260,Adobe,Software Engineer,IC2,Noida,software-engineer,noida-ind,78.9,26.3,46900,55300,6000,103080,USD,15/05/2026,onsite,Software Engineer,None,PASS
261,ServiceNow,Software Engineer,IC53,Pune,software-engineer,pune-ind,79.2,26.4,47000,55500,6000,103360,USD,20/05/2026,hybrid,Software Engineer,None,PASS
262,Google,Software Engineer,L55,Bangalore,software-engineer,bangalore-ind,79.5,26.5,47100,55700,6000,103640,USD,18/05/2026,onsite,Software Engineer,None,PASS
263,Microsoft,Software Engineer,IC2,Bangalore,software-engineer,bangalore-ind,79.8,26.6,47200,55900,6000,103920,USD,20/05/2026,hybrid,Software Engineer,None,PASS
264,Amazon,Software Engineer,IC1,Hyderabad,software-engineer,hyderabad-ind,80.1,26.7,47300,56100,6000,104200,USD,18/05/2026,remote,Software Engineer,None,PASS
265,Adobe,Software Engineer,IC2,Noida,software-engineer,noida-ind,80.4,26.8,47400,56300,6000,104480,USD,15/05/2026,onsite,Software Engineer,None,PASS
266,ServiceNow,Software Engineer,IC54,Pune,software-engineer,pune-ind,80.7,26.9,47500,56500,6000,104760,USD,20/05/2026,hybrid,Software Engineer,None,PASS
267,Google,Software Engineer,L56,Bangalore,software-engineer,bangalore-ind,81,27,47600,56700,6000,105040,USD,18/05/2026,onsite,Software Engineer,None,PASS
268,Microsoft,Software Engineer,IC2,Bangalore,software-engineer,bangalore-ind,81.3,27.1,47700,56900,6000,105320,USD,20/05/2026,hybrid,Software Engineer,None,PASS
269,Amazon,Software Engineer,IC1,Hyderabad,software-engineer,hyderabad-ind,81.6,27.2,47800,57100,6000,105600,USD,18/05/2026,remote,Software Engineer,None,PASS
270,Adobe,Software Engineer,IC2,Noida,software-engineer,noida-ind,81.9,27.3,47900,57300,6000,105880,USD,15/05/2026,onsite,Software Engineer,None,PASS
271,ServiceNow,Software Engineer,IC55,Pune,software-engineer,pune-ind,82.2,27.4,48000,57500,6000,106160,USD,20/05/2026,hybrid,Software Engineer,None,PASS
272,Google,Software Engineer,L57,Bangalore,software-engineer,bangalore-ind,82.5,27.5,48100,57700,6000,106440,USD,18/05/2026,onsite,Software Engineer,None,PASS
273,Microsoft,Software Engineer,IC2,Bangalore,software-engineer,bangalore-ind,82.8,27.6,48200,57900,6000,106720,USD,20/05/2026,hybrid,Software Engineer,None,PASS
274,Amazon,Software Engineer,IC1,Hyderabad,software-engineer,hyderabad-ind,83.1,27.7,48300,58100,6000,107000,USD,18/05/2026,remote,Software Engineer,None,PASS
275,Adobe,Software Engineer,IC2,Noida,software-engineer,noida-ind,83.4,27.8,48400,58300,6000,107280,USD,15/05/2026,onsite,Software Engineer,None,PASS
276,ServiceNow,Software Engineer,IC56,Pune,software-engineer,pune-ind,83.7,27.9,48500,58500,6000,107560,USD,20/05/2026,hybrid,Software Engineer,None,PASS
277,Google,Software Engineer,L58,Bangalore,software-engineer,bangalore-ind,84,28,48600,58700,6000,107840,USD,18/05/2026,onsite,Software Engineer,None,PASS
278,Microsoft,Software Engineer,IC2,Bangalore,software-engineer,bangalore-ind,84.3,28.1,48700,58900,6000,108120,USD,20/05/2026,hybrid,Software Engineer,None,PASS
279,Amazon,Software Engineer,IC1,Hyderabad,software-engineer,hyderabad-ind,84.6,28.2,48800,59100,6000,108400,USD,18/05/2026,remote,Software Engineer,None,PASS
280,Adobe,Software Engineer,IC2,Noida,software-engineer,noida-ind,84.9,28.3,48900,59300,6000,108680,USD,15/05/2026,onsite,Software Engineer,None,PASS
281,ServiceNow,Software Engineer,IC57,Pune,software-engineer,pune-ind,85.2,28.4,49000,59500,6000,108960,USD,20/05/2026,hybrid,Software Engineer,None,PASS
282,Google,Software Engineer,L59,Bangalore,software-engineer,bangalore-ind,85.5,28.5,49100,59700,6000,109240,USD,18/05/2026,onsite,Software Engineer,None,PASS
283,Microsoft,Software Engineer,IC2,Bangalore,software-engineer,bangalore-ind,85.8,28.6,49200,59900,6000,109520,USD,20/05/2026,hybrid,Software Engineer,None,PASS
284,Amazon,Software Engineer,IC1,Hyderabad,software-engineer,hyderabad-ind,86.1,28.7,49300,60100,6000,109800,USD,18/05/2026,remote,Software Engineer,None,PASS
285,Adobe,Software Engineer,IC2,Noida,software-engineer,noida-ind,86.4,28.8,49400,60300,6000,110080,USD,15/05/2026,onsite,Software Engineer,None,PASS
286,ServiceNow,Software Engineer,IC58,Pune,software-engineer,pune-ind,86.7,28.9,49500,60500,6000,110360,USD,20/05/2026,hybrid,Software Engineer,None,PASS
287,Google,Software Engineer,L60,Bangalore,software-engineer,bangalore-ind,87,29,49600,60700,6000,110640,USD,18/05/2026,onsite,Software Engineer,None,PASS
288,Microsoft,Software Engineer,IC2,Bangalore,software-engineer,bangalore-ind,87.3,29.1,49700,60900,6000,110920,USD,20/05/2026,hybrid,Software Engineer,None,PASS
289,Amazon,Software Engineer,IC1,Hyderabad,software-engineer,hyderabad-ind,87.6,29.2,49800,61100,6000,111200,USD,18/05/2026,remote,Software Engineer,None,PASS
290,Adobe,Software Engineer,IC2,Noida,software-engineer,noida-ind,87.9,29.3,49900,61300,6000,111480,USD,15/05/2026,onsite,Software Engineer,None,PASS
291,ServiceNow,Software Engineer,IC59,Pune,software-engineer,pune-ind,88.2,29.4,50000,61500,6000,111760,USD,20/05/2026,hybrid,Software Engineer,None,PASS
292,Google,Software Engineer,L61,Bangalore,software-engineer,bangalore-ind,88.5,29.5,50100,61700,6000,112040,USD,18/05/2026,onsite,Software Engineer,None,PASS
293,Microsoft,Software Engineer,IC2,Bangalore,software-engineer,bangalore-ind,88.8,29.6,50200,61900,6000,112320,USD,20/05/2026,hybrid,Software Engineer,None,PASS
294,Amazon,Software Engineer,IC1,Hyderabad,software-engineer,hyderabad-ind,89.1,29.7,50300,62100,6000,112600,USD,18/05/2026,remote,Software Engineer,None,PASS
295,Adobe,Software Engineer,IC2,Noida,software-engineer,noida-ind,89.4,29.8,50400,62300,6000,112880,USD,15/05/2026,onsite,Software Engineer,None,PASS
296,ServiceNow,Software Engineer,IC60,Pune,software-engineer,pune-ind,89.7,29.9,50500,62500,6000,113160,USD,20/05/2026,hybrid,Software Engineer,None,PASS
297,Google,Software Engineer,L62,Bangalore,software-engineer,bangalore-ind,90,30,50600,62700,6000,113440,USD,18/05/2026,onsite,Software Engineer,None,PASS
298,Microsoft,Software Engineer,IC2,Bangalore,software-engineer,bangalore-ind,90.3,30.1,50700,62900,6000,113720,USD,20/05/2026,hybrid,Software Engineer,None,PASS
299,Amazon,Software Engineer,IC1,Hyderabad,software-engineer,hyderabad-ind,90.6,30.2,50800,63100,6000,114000,USD,18/05/2026,remote,Software Engineer,None,PASS
300,Adobe,Software Engineer,IC2,Noida,software-engineer,noida-ind,90.9,30.3,50900,63300,6000,114280,USD,15/05/2026,onsite,Software Engineer,None,PASS
